{
  "image": "neuralcoder/prog2-base:p4",
  "customizations": {
    "vscode": {
      "extensions": [
        "VisualStudioExptTeam.vscodeintellicode",
        "ms-vscode.cpptools",
        "wayou.vscode-todo-highlight",
        "hm.riscv-venus",
        "1YiB.rust-bundle",
        "Swellaby.rust-pack",
        "usernamehw.errorlens",
        "ms-vscode-remote.remote-ssh",
        "ms-vscode.cpptools-extension-pack",
        "jbenden.c-cpp-flylint",
        "SanaAjani.taskrunnercode",
        "eamodio.gitlens",
        "vinirossa.vscode-gitandgithub-pack"
      ]
    }
  },
  "mounts": [
    "type=bind,source=${localEnv:HOME}${localEnv:USERPROFILE}/.ssh,target=/home/prog2/host-ssh,readonly"
  ],
  "postCreateCommand": "mkdir -p /home/prog2/.ssh; chown -R prog2:prog2 /home/prog2/.ssh; chmod 700 /home/prog2/.ssh; cp -r /home/prog2/host-ssh/* /home/prog2/.ssh; chmod 600 /home/prog2/.ssh/*; echo Done"
}